{
  "parent": "minecraft:item/handheld",
  "textures": {
    "layer0": "minecraft:item/blaze_rod"
  },
  "overrides": [
    { "predicate": { "custom_model_data": 1 }, "model": "minecraft:item/rod_of_discord" },
    { "predicate": { "custom_model_data": 2 }, "model": "minecraft:item/momentum_capacitor" },
    { "predicate": { "custom_model_data": 3 }, "model": "minecraft:item/cosmolight" },
    { "predicate": { "custom_model_data": 4 }, "model": "minecraft:item/daedalus_stormbow" }
  ]
}